,MSE,MAE,MAPE,R2
0,3.610178547630214,1.5455747962748536,0.04890086625133003,0.6180948098874496
